"('같은', 'Adjective')",,
"('더', 'Noun')",,
"('큰', 'Verb')",,
"('주', 'Noun')",,
"('같이', 'Adverb')",,
"('매우', 'Noun')",,
"('잘', 'Verb')",,
"('볼', 'Noun')",,
"('다양한', 'Adjective')",,
"('중요한', 'Adjective')",,
"('프로', 'Noun')",,
"('관련', 'Noun')",,
"('좋은', 'Adjective')",,
"('하다', 'Verb')",,
"('금', 'Noun')",,
"('곧', 'Noun')",,
"('시', 'Noun')","('의', 'Josa')",
"('유명한', 'Adjective')",,
"('비슷한', 'Adjective')",,
"('보다', 'Verb')",,
"('전체', 'Noun')",,
"('최고', 'Noun')",,
"('네', 'Noun')",,
"('현대', 'Noun')",,
"('단', 'Noun')",,
"('사용', 'Noun')","('할', 'Verb')",
"('강한', 'Adjective')",,
"('선', 'Noun')",,
"('작품', 'Noun')",,
"('정치', 'Noun')",,
"('자기', 'Noun')",,
"('고려', 'Noun')",,
"('쉽게', 'Verb')",,
"('최고', 'Noun')","('의', 'Josa')",
"('강력한', 'Adjective')",,
"('뛰어난', 'Adjective')",,
"('사람', 'Noun')",,
"('유명하다', 'Adjective')",,
"('아주', 'Noun')",,
"('대', 'Verb')",,
"('개인', 'Noun')",,
"('자유', 'Noun')",,
"('상당히', 'Adjective')",,
"('초', 'Noun')",,
"('빠른', 'Adjective')",,
"('기술', 'Noun')",,
"('젊은', 'Adjective')",,
"('넓은', 'Adjective')",,
"('인물', 'Noun')",,
"('특별한', 'Adjective')",,
"('거대한', 'Adjective')",,
"('정확한', 'Adjective')",,
"('깊은', 'Adjective')",,
"('양', 'Noun')",,
"('점', 'Noun')",,
"('원', 'Noun')",,
"('수상', 'Noun')",,
"('상', 'Noun')",,
"('혁명', 'Noun')",,
"('미', 'Adjective')",,
"('충분히', 'Adjective')",,
"('아름다운', 'Adjective')",,
"('구조', 'Noun')",,
"('오른쪽', 'Noun')",,
"('상당한', 'Adjective')",,
"('지원', 'Noun')",,
"('단순한', 'Adjective')",,
"('역사', 'Noun')","('적', 'Suffix')",
"('새롭게', 'Adjective')",,
"('보호', 'Noun')",,
"('슈퍼', 'Noun')",,
"('지도', 'Noun')",,
"('지속', 'Noun')","('적', 'Suffix')","('으로', 'Josa')"
"('미리', 'Noun')",,
"('완전한', 'Adjective')",,
"('정확히', 'Adjective')",,
"('즉시', 'Noun')",,
"('밝은', 'Verb')",,
"('전용', 'Noun')",,
"('크다', 'Verb')",,
"('기능', 'Noun')",,
"('방법', 'Noun')",,
"('빨리', 'Adverb')",,
"('진행', 'Noun')",,
"('강하게', 'Adjective')",,
"('간단한', 'Adjective')",,
"('해방', 'Noun')",,
"('원하는', 'Adjective')",,
"('적절한', 'Adjective')",,
"('주요한', 'Noun')",,
"('풍부한', 'Adjective')",,
"('우수한', 'Adjective')",,
"('전형', 'Noun')","('적', 'Suffix')","('인', 'Josa')"
"('자유롭게', 'Adjective')",,
"('특징', 'Noun')",,
"('이해', 'Noun')",,
"('장관', 'Noun')",,
"('충분한', 'Adjective')",,
"('참여', 'Noun')",,
"('비밀', 'Noun')",,
"('단일', 'Noun')",,
"('오른', 'Noun')",,
"('훌륭한', 'Adjective')",,
"('종류', 'Noun')",,
"('계약', 'Noun')",,
"('막대', 'Noun')","('한', 'Josa')",
"('완전', 'Noun')",,
"('좋아하는', 'Adjective')",,
"('활발한', 'Adjective')",,
"('통일', 'Noun')",,
"('꽤', 'Noun')",,
"('별', 'Noun')","('의', 'Josa')",
"('연', 'Noun')",,
"('분명히', 'Adjective')",,
"('특유', 'Noun')","('의', 'Josa')",
"('승리', 'Noun')",,
"('쉬운', 'Adjective')",,
"('위로', 'Noun')",,
"('진정한', 'Adjective')",,
"('시인', 'Noun')",,
"('일찍이', 'Noun')",,
"('신성', 'Noun')",,
"('작업', 'Noun')",,
"('후', 'Noun')","('한', 'Josa')",
"('성공한', 'Adjective')",,
"('고급', 'Noun')",,
"('사랑', 'Noun')",,
"('성공', 'Noun')","('적', 'Suffix')","('으로', 'Josa')"
"('좋다', 'Adjective')",,
"('유지', 'Noun')",,
"('수정', 'Noun')",,
"('보물', 'Noun')",,
"('개혁', 'Noun')",,
"('평화', 'Noun')",,
"('힘든', 'Adjective')",,
"('변호사', 'Noun')",,
"('사전', 'Noun')",,
"('뜨거운', 'Adjective')",,
"('순수한', 'Adjective')",,
"('굉장히', 'Adjective')",,
"('지배', 'Noun')",,
"('강화', 'Noun')",,
"('명예', 'Noun')",,
"('가능', 'Noun')",,
"('챔피언', 'Noun')",,
"('자치', 'Noun')",,
"('성과', 'Noun')",,
"('공장', 'Noun')",,
"('새벽', 'Noun')",,
"('확실한', 'Adjective')",,
"('열심히', 'Adverb')",,
"('조정', 'Noun')",,
"('가벼운', 'Adjective')",,
"('새로이', 'Noun')",,
"('개정', 'Noun')",,
"('지지', 'Noun')",,
"('연대', 'Noun')",,
"('보조', 'Noun')",,
"('대단히', 'Adjective')",,
"('보수', 'Noun')",,
"('교체', 'Noun')",,
"('기호', 'Noun')",,
"('완벽한', 'Adjective')",,
"('저명한', 'Adjective')",,
"('혁명', 'Noun')","('의', 'Josa')",
"('편의', 'Noun')",,
"('특성', 'Noun')",,
"('주도', 'Noun')",,
"('석사', 'Noun')",,
"('꽃', 'Noun')",,
"('중요하다', 'Adjective')",,
"('무료', 'Noun')",,
"('협력', 'Noun')",,
"('영구', 'Noun')",,
"('중대한', 'Adjective')",,
"('접근', 'Noun')",,
"('기초', 'Noun')",,
"('우승한', 'Adjective')",,
"('사랑', 'Noun')","('하는', 'Verb')",
"('하늘', 'Noun')","('의', 'Josa')",
"('명확한', 'Adjective')",,
"('르네상스', 'Noun')",,
"('유리한', 'Adjective')",,
"('전시', 'Noun')",,
"('적당한', 'Adjective')",,
"('현상', 'Noun')",,
"('하늘', 'Noun')",,
"('권리', 'Noun')",,
"('정상', 'Noun')",,
"('논리', 'Noun')",,
"('효과', 'Noun')","('적', 'Suffix')","('으로', 'Josa')"
"('강하다', 'Adjective')",,
"('우익', 'Noun')",,
"('반응', 'Noun')",,
"('건강', 'Noun')",,
"('성공', 'Noun')",,
"('지식', 'Noun')",,
"('인사', 'Noun')",,
"('정당한', 'Adjective')",,
"('따뜻한', 'Adjective')",,
"('황금', 'Noun')",,
"('영웅', 'Noun')",,
"('찬성', 'Noun')",,
"('신청', 'Noun')",,
"('안정', 'Noun')","('된', 'Verb')",
"('치료', 'Noun')",,
"('국왕', 'Noun')","('의', 'Josa')",
"('상품', 'Noun')",,
"('안내', 'Noun')",,
"('인기', 'Noun')","('있는', 'Adjective')",
"('개선', 'Noun')",,
"('가치', 'Noun')",,
"('팬', 'Noun')",,
"('미래', 'Noun')",,
"('명확하게', 'Adjective')",,
"('명백한', 'Adjective')",,
"('즐겨', 'Verb')",,
"('단식', 'Noun')",,
"('빛나는', 'Verb')",,
"('부드러운', 'Adjective')",,
"('귀중한', 'Adjective')",,
"('전적', 'Noun')","('으로', 'Josa')",
"('쉽다', 'Verb')",,
"('탁월한', 'Adjective')",,
"('수행', 'Noun')",,
"('치는', 'Verb')",,
"('호의', 'Noun')",,
"('자의', 'Noun')",,
"('효율', 'Noun')","('적', 'Suffix')","('인', 'Josa')"
"('광대한', 'Adjective')",,
"('리드', 'Noun')",,
"('정통', 'Noun')",,
"('원', 'Noun')","('의', 'Josa')",
"('빛', 'Noun')",,
"('마스터', 'Noun')",,
"('감사합니다', 'Verb')",,
"('차이', 'Noun')",,
"('즐기는', 'Verb')",,
"('스타일', 'Noun')",,
"('자신', 'Noun')",,
"('전설', 'Noun')","('의', 'Josa')",
"('바른', 'Verb')",,
"('날카로운', 'Adjective')",,
"('안전한', 'Adjective')",,
"('보호', 'Noun')","('하는', 'Verb')",
"('획득', 'Noun')",,
"('읽기', 'Verb')",,
"('부활', 'Noun')",,
"('유능한', 'Adjective')",,
"('마법', 'Noun')",,
"('자랑', 'Noun')","('하는', 'Verb')",
"('재산', 'Noun')",,
"('대단한', 'Adjective')",,
"('활성화', 'Noun')",,
"('이해', 'Noun')","('하는', 'Verb')",
"('신앙', 'Noun')",,
"('골드', 'Noun')",,
"('주인', 'Noun')",,
"('패배', 'Noun')",,
"('양식', 'Noun')",,
"('안전하게', 'Adjective')",,
"('좋아', 'Adjective')",,
"('행복한', 'Adjective')",,
"('복구', 'Noun')",,
"('자격', 'Noun')",,
"('달성', 'Noun')",,
"('고', 'Modifier')","('전적', 'Noun')","('인', 'Josa')"
"('휴대', 'Noun')","('용', 'Noun')",
"('고정', 'Noun')","('된', 'Verb')",
"('복원', 'Noun')",,
"('맑은', 'Noun')",,
"('형제', 'Noun')","('의', 'Josa')",
"('고체', 'Noun')",,
"('감사', 'Noun')",,
"('신성한', 'Adjective')",,
"('통합', 'Noun')","('된', 'Verb')",
"('친한', 'Adjective')",,
"('정교한', 'Adjective')",,
"('구속', 'Noun')",,
"('좋게', 'Adjective')",,
"('우수', 'Noun')",,
"('보너스', 'Noun')",,
"('저렴한', 'Adjective')",,
"('승인', 'Noun')",,
"('고양', 'Noun')",,
"('손쉽게', 'Adjective')",,
"('값', 'Noun')",,
"('이익', 'Noun')",,
"('건강한', 'Adjective')",,
"('진보', 'Noun')",,
"('멋진', 'Adjective')",,
"('깨끗한', 'Adjective')",,
"('활용', 'Noun')",,
"('평면', 'Noun')",,
"('열렬한', 'Adjective')",,
"('업그레이드', 'Noun')",,
"('향상', 'Noun')",,
"('수상자', 'Noun')",,
"('신임', 'Noun')",,
"('불타는', 'Adjective')",,
"('공정한', 'Adjective')",,
"('친선', 'Noun')",,
"('즐거운', 'Adjective')",,
"('육성', 'Noun')",,
"('평가', 'Noun')","('하는', 'Verb')",
"('합리', 'Noun')","('적', 'Suffix')","('인', 'Josa')"
"('두드러진', 'Adjective')",,
"('완전하게', 'Adjective')",,
"('세련된', 'Adjective')",,
"('정상', 'Noun')","('적', 'Suffix')","('으로', 'Josa')"
"('톱', 'Noun')",,
"('조명', 'Noun')",,
"('무한', 'Noun')","('한', 'Josa')",
"('회복', 'Noun')",,
"('이긴', 'Verb')",,
"('술', 'Noun')",,
"('근무', 'Noun')",,
"('도움', 'Noun')",,
"('추천', 'Noun')",,
"('전진', 'Noun')",,
"('싼', 'Verb')",,
"('신선한', 'Adjective')",,
"('동', 'Modifier')","('적', 'Noun')",
"('엘리트', 'Noun')",,
"('전문', 'Noun')","('적', 'Suffix')","('으로', 'Josa')"
"('편리한', 'Adjective')",,
"('거룩한', 'Adjective')",,
"('연인', 'Noun')",,
"('실제', 'Noun')","('의', 'Josa')",
"('다행히', 'Adjective')",,
"('예외', 'Noun')","('적', 'Suffix')","('으로', 'Josa')"
"('안정', 'Noun')",,
"('경의', 'Noun')",,
"('화성', 'Noun')","('의', 'Josa')",
"('지혜', 'Noun')",,
"('선택', 'Noun')","('하는', 'Verb')",
"('개량', 'Noun')",,
"('충실한', 'Adjective')",,
"('온화한', 'Adjective')",,
"('충실히', 'Adjective')",,
"('현저', 'Noun')","('하게', 'Verb')",
"('보장', 'Noun')",,
"('승리', 'Noun')","('의', 'Josa')",
"('solid', 'Alpha')",,
"('알맞은', 'Adjective')",,
"('투명한', 'Adjective')",,
"('재미있는', 'Adjective')",,
"('신속하게', 'Adjective')",,
"('천사', 'Noun')",,
"('업적', 'Noun')",,
"('스마트', 'Noun')",,
"('증명', 'Noun')",,
"('유효한', 'Adjective')",,
"('고무', 'Noun')",,
"('교양', 'Noun')",,
"('마법', 'Noun')","('의', 'Josa')",
"('상승', 'Noun')",,
"('희망', 'Noun')",,
"('흥미로운', 'Adjective')",,
"('날인', 'Noun')",,
"('옳은', 'Adjective')",,
"('후원', 'Noun')",,
"('천재', 'Noun')",,
"('열매', 'Noun')",,
"('지류', 'Noun')",,
"('뛰어나다', 'Adjective')",,
"('조용한', 'Adjective')",,
"('섬세한', 'Adjective')",,
"('미세한', 'Adjective')",,
"('우호', 'Noun')","('적', 'Suffix')","('인', 'Josa')"
"('진실', 'Noun')",,
"('신속한', 'Adjective')",,
"('클리어', 'Noun')",,
"('열의', 'Noun')",,
"('조화', 'Noun')",,
"('궁전', 'Noun')","('의', 'Josa')",
"('보석', 'Noun')",,
"('밝게', 'Verb')",,
"('자발', 'Noun')","('적', 'Suffix')","('인', 'Josa')"
"('귀여운', 'Adjective')",,
"('진심', 'Noun')","('으로', 'Josa')",
"('긍정', 'Noun')","('적', 'Suffix')","('으로', 'Josa')"
"('바르게', 'Noun')",,
"('납', 'Noun')",,
"('악한', 'Noun')",,
"('놀란', 'Noun')",,
"('포괄', 'Noun')","('적', 'Suffix')","('인', 'Josa')"
"('입체', 'Noun')",,
"('눈부신', 'Adjective')",,
"('상단', 'Noun')",,
"('도덕', 'Noun')",,
"('확보', 'Noun')",,
"('성숙한', 'Adjective')",,
"('발기인', 'Noun')",,
"('구별', 'Noun')",,
"('우승자', 'Noun')",,
"('최적', 'Noun')","('의', 'Josa')",
"('악기', 'Noun')","('의', 'Josa')",
"('의지', 'Noun')",,
"('소중한', 'Adjective')",,
"('부흥', 'Noun')",,
"('불꽃', 'Noun')",,
"('아름답게', 'Adjective')",,
"('보어', 'Noun')",,
"('약속', 'Noun')",,
"('매력', 'Noun')","('적', 'Suffix')","('인', 'Josa')"
"('기분', 'Noun')",,
"('컴팩트', 'Noun')",,
"('신뢰', 'Noun')","('성', 'Suffix')",
"('즐겁게', 'Adjective')",,
"('유용하다', 'Adjective')",,
"('감사', 'Noun')","('의', 'Josa')",
"('현저', 'Noun')","('한', 'Josa')",
"('일관', 'Noun')","('된', 'Verb')",
"('인상', 'Noun')",,
"('명백하게', 'Adjective')",,
"('평화로운', 'Adjective')",,
"('튼튼한', 'Adjective')",,
"('숙련', 'Noun')","('된', 'Verb')",
"('권위', 'Noun')",,
"('맛', 'Noun')",,
"('공공', 'Noun')","('연히', 'Adjective')",
"('탐색', 'Noun')",,
"('영적', 'Noun')","('인', 'Josa')",
"('믿음', 'Noun')",,
"('진지하게', 'Adjective')",,
"('덕', 'Noun')",,
"('기적', 'Noun')",,
"('용기', 'Noun')",,
"('발광', 'Noun')",,
"('바람직한', 'Adjective')",,
"('신학자', 'Noun')",,
"('부드럽게', 'Adjective')",,
"('원활한', 'Adjective')",,
"('용감한', 'Adjective')",,
"('곧장', 'Noun')",,
"('우정', 'Noun')",,
"('천사', 'Noun')","('의', 'Josa')",
"('우아한', 'Adjective')",,
"('기이', 'Noun')",,
"('장점', 'Noun')",,
"('실사', 'Noun')",,
"('친밀한', 'Adjective')",,
"('잘게', 'Verb')",,
"('환상', 'Noun')","('적', 'Suffix')","('인', 'Josa')"
"('현명한', 'Adjective')",,
"('진지한', 'Adjective')",,
"('대담한', 'Adjective')",,
"('평가', 'Noun')","('한다', 'Verb')",
"('괜찮은', 'Adjective')",,
"('축하', 'Noun')",,
"('신용', 'Noun')",,
"('박람회', 'Noun')",,
"('꽉', 'Noun')",,
"('갱신', 'Noun')",,
"('적응', 'Noun')",,
"('불가사의', 'Noun')",,
"('위안', 'Noun')",,
"('이행', 'Noun')",,
"('기부', 'Noun')",,
"('합리', 'Noun')","('적', 'Suffix')",
"('성실한', 'Adjective')",,
"('예의', 'Noun')",,
"('영광', 'Noun')",,
"('쾌적한', 'Adjective')",,
"('애인', 'Noun')",,
"('원활하게', 'Adjective')",,
"('의미', 'Noun')","('있는', 'Adjective')",
"('오아시스', 'Noun')",,
"('트로피', 'Noun')",,
"('장학금', 'Noun')",,
"('신입생', 'Noun')",,
"('미소', 'Noun')",,
"('용이', 'Noun')",,
"('강력', 'Noun')",,
"('권위', 'Noun')","('있는', 'Adjective')",
"('교정', 'Noun')",,
"('개선', 'Noun')","('하는', 'Verb')",
"('혁신', 'Noun')",,
"('제출', 'Noun')",,
"('일치', 'Noun')",,
"('강인한', 'Adjective')",,
"('신뢰', 'Noun')",,
"('진실한', 'Adjective')",,
"('고귀한', 'Adjective')",,
"('훌륭하게', 'Adjective')",,
"('기꺼이', 'Adverb')",,
"('고르게', 'Verb')",,
"('들리는', 'Verb')",,
"('개량', 'Noun')","('된', 'Verb')",
"('아름답다', 'Adjective')",,
"('합법', 'Noun')","('적', 'Suffix')","('으로', 'Josa')"
"('귀한', 'Adjective')",,
"('정밀', 'Noun')","('하게', 'Verb')",
"('예쁜', 'Adjective')",,
"('명성', 'Noun')",,
"('천국', 'Noun')",,
"('깨끗이', 'Adverb')",,
"('환영', 'Noun')",,
"('복숭아', 'Noun')",,
"('놀랍게도', 'Verb')",,
"('날카롭게', 'Adjective')",,
"('트럼펫', 'Noun')",,
"('정화', 'Noun')",,
"('화해', 'Noun')",,
"('정제', 'Noun')",,
"('금고', 'Noun')",,
"('금', 'Noun')","('의', 'Josa')",
"('생생한', 'Adjective')",,
"('유쾌한', 'Adjective')",,
"('우물', 'Noun')",,
"('설득', 'Noun')",,
"('매매', 'Noun')",,
"('공상', 'Noun')",,
"('준비', 'Noun')","('된', 'Verb')",
"('능숙한', 'Adjective')",,
"('농축', 'Noun')",,
"('주인', 'Noun')","('의', 'Josa')",
"('유익한', 'Adjective')",,
"('맛있는', 'Adjective')",,
"('기적', 'Noun')","('적', 'Suffix')","('으로', 'Josa')"
"('고구마', 'Noun')",,
"('걸작', 'Noun')",,
"('친절한', 'Adjective')",,
"('즐긴다', 'Verb')",,
"('소중히', 'Adjective')",,
"('창조', 'Noun')","('적', 'Suffix')","('인', 'Josa')"
"('시원한', 'Adjective')",,
"('받침', 'Noun')",,
"('경이', 'Noun')",,
"('완화', 'Noun')",,
"('값', 'Noun')","('비싼', 'Adjective')",
"('영웅', 'Noun')","('의', 'Josa')",
"('돌기', 'Noun')",,
"('호화로운', 'Adjective')",,
"('행복', 'Noun')",,
"('진정', 'Noun')","('으로', 'Josa')",
"('지성', 'Noun')",,
"('이상', 'Noun')","('적', 'Suffix')",
"('추론', 'Noun')",,
"('초과', 'Noun')",,
"('일', 'Modifier')","('관성', 'Noun')",
"('유명하게', 'Adjective')",,
"('우상', 'Noun')",,
"('똑바로', 'Noun')",,
"('내', 'Determiner')","('리기', 'Noun')",
"('행복하게', 'Adjective')",,
"('유머', 'Noun')",,
"('깨끗하게', 'Adjective')",,
"('정교', 'Noun')",,
"('합리', 'Noun')","('적', 'Suffix')","('으로', 'Josa')"
"('중류', 'Noun')",,
"('기쁘게', 'Adjective')",,
"('재미', 'Noun')",,
"('이성', 'Noun')","('의', 'Josa')",
"('성자', 'Noun')",,
"('굳은', 'Adjective')",,
"('장려', 'Noun')",,
"('유연', 'Noun')",,
"('충분하다', 'Adjective')",,
"('걸', 'Noun')","('출한', 'Verb')",
"('자비', 'Noun')",,
"('축제', 'Noun')","('의', 'Josa')",
"('붐', 'Noun')",,
"('각성', 'Noun')",,
"('청소', 'Noun')",,
"('제왕', 'Noun')","('의', 'Josa')",
"('용사', 'Verb')",,
"('열렬히', 'Adjective')",,
"('편안하게', 'Adjective')",,
"('권장', 'Noun')",,
"('경제학', 'Noun')","('의', 'Josa')",
"('경쟁', 'Noun')","('의', 'Josa')",
"('재능', 'Noun')",,
"('애정', 'Noun')",,
"('기사도', 'Noun')",,
"('공로', 'Noun')",,
"('옹호', 'Noun')",,
"('부디', 'Noun')",,
"('낭만', 'Noun')","('적', 'Suffix')",
"('생존자', 'Noun')",,
"('평화롭게', 'Adjective')",,
"('섹시한', 'Adjective')",,
"('보완', 'Noun')",,
"('돌출', 'Noun')","('된', 'Verb')",
"('허용', 'Noun')","('되는', 'Verb')",
"('특권', 'Noun')",,
"('신선', 'Noun')",,
"('숭고한', 'Adjective')",,
"('가치', 'Noun')","('있는', 'Adjective')",
"('환영', 'Noun')","('합니다', 'Verb')",
"('조언', 'Noun')",,
"('두려움', 'Noun')",,
"('혁명가', 'Noun')",,
"('예민한', 'Adjective')",,
"('밝다', 'Verb')",,
"('깔끔하게', 'Adjective')",,
"('기악', 'Noun')",,
"('기쁜', 'Adjective')",,
"('주목할만한', 'Adjective')",,
"('웬만한', 'Adjective')",,
"('상냥한', 'Adjective')",,
"('미인', 'Noun')",,
"('달', 'Noun')","('게', 'Josa')",
"('뜨겁게', 'Adjective')",,
"('충성', 'Noun')",,
"('증명', 'Noun')","('된', 'Verb')",
"('꼭대기', 'Noun')",,
"('콤팩트', 'Noun')",,
"('주도', 'Noun')","('적', 'Suffix')",
"('영리', 'Noun')",,
"('생산', 'Noun')","('성', 'Suffix')",
"('맞다', 'Verb')",,
"('지지자', 'Noun')",,
"('만기', 'Noun')",,
"('틀림없다', 'Adjective')",,
"('열정', 'Noun')",,
"('기울기', 'Noun')",,
"('유망', 'Noun')","('한', 'Josa')",
"('강력하다', 'Adjective')",,
"('유예', 'Noun')",,
"('옳다', 'Adjective')",,
"('윤리', 'Noun')","('적', 'Suffix')","('인', 'Josa')"
"('만족', 'Noun')",,
"('섹시', 'Noun')",,
"('보조금', 'Noun')",,
"('무대', 'Noun')","('의', 'Josa')",
"('매끄러운', 'Adjective')",,
"('확실하다', 'Adjective')",,
"('찬양', 'Noun')",,
"('정직한', 'Adjective')",,
"('장엄한', 'Adjective')",,
"('일', 'Noun')","('하다', 'Verb')",
"('도달', 'Noun')",,
"('힘차게', 'Adjective')",,
"('합당', 'Noun')",,
"('폭로', 'Noun')",,
"('영리한', 'Adjective')",,
"('검소', 'Noun')","('한', 'Josa')",
"('호소', 'Noun')",,
"('지능', 'Noun')","('형', 'Suffix')",
"('매력', 'Noun')",,
"('절약', 'Noun')",,
"('라이터', 'Noun')",,
"('교육', 'Noun')","('적', 'Suffix')","('인', 'Josa')"
"('미녀', 'Noun')",,
"('안정', 'Noun')","('적', 'Suffix')",
"('낫다', 'Noun')",,
"('힘찬', 'Adjective')",,
"('세심', 'Noun')","('한', 'Josa')",
"('선호', 'Noun')",,
"('기쁨', 'Noun')",,
"('존중', 'Noun')",,
"('무적', 'Noun')",,
"('명령', 'Noun')","('한', 'Josa')",
"('단순화', 'Noun')",,
"('고요한', 'Noun')",,
"('명랑한', 'Adjective')",,
"('정확하다', 'Adjective')",,
"('저명', 'Noun')",,
"('성취', 'Noun')",,
"('성실', 'Noun')",,
"('사랑스러운', 'Adjective')",,
"('교육', 'Noun')","('받은', 'Verb')",
"('겸손한', 'Adjective')",,
"('평정', 'Noun')",,
"('카리스마', 'Noun')",,
"('서포터', 'Noun')",,
"('짙다', 'Adjective')",,
"('생산', 'Noun')","('적', 'Suffix')","('인', 'Josa')"
"('유창한', 'Adjective')",,
"('아름다', 'Adjective')","('움', 'Noun')",
"('노블', 'Noun')",,
"('공손', 'Noun')",,
"('친절하게', 'Adjective')",,
"('정통한', 'Adjective')",,
"('웅대', 'Noun')","('한', 'Josa')",
"('와우', 'Noun')",,
"('영광', 'Noun')","('스러운', 'Josa')",
"('뿌리', 'Noun')","('깊은', 'Adjective')",
"('배려', 'Noun')",,
"('이점', 'Noun')",,
"('여유', 'Noun')",,
"('충성', 'Noun')","('스러운', 'Josa')",
"('준수', 'Noun')",,
"('우세', 'Noun')",,
"('매니아', 'Noun')",,
"('만족스러운', 'Adjective')",,
"('치하', 'Noun')",,
"('으뜸', 'Noun')","('가는', 'Verb')",
"('연정', 'Noun')",,
"('똑똑한', 'Adjective')",,
"('진가', 'Noun')","('를', 'Josa')",
"('상당하다', 'Adjective')",,
"('공격', 'Noun')","('적', 'Suffix')",
"('영감', 'Noun')",,
"('공평한', 'Adjective')",,
"('정직', 'Noun')",,
"('의', 'Noun')","('로운', 'Josa')",
"('블록버스터', 'Noun')",,
"('멋지게', 'Adjective')",,
"('마치다', 'Noun')",,
"('자진', 'Noun')","('해서', 'Verb')",
"('서장', 'Noun')",,
"('열정', 'Noun')","('적', 'Suffix')","('으로', 'Josa')"
"('사치스러운', 'Adjective')",,
"('낙', 'Noun')",,
"('스테인레스', 'Noun')",,
"('흥분', 'Noun')",,
"('헌신', 'Noun')",,
"('혜택', 'Noun')",,
"('즐거움', 'Noun')",,
"('존경', 'Noun')",,
"('다정한', 'Adjective')",,
"('경신', 'Noun')",,
"('총명한', 'Adjective')",,
"('열', 'Modifier')","('혈', 'Noun')",
"('순결한', 'Adjective')",,
"('번영하는', 'Adjective')",,
"('근세', 'Noun')","('의', 'Josa')",
"('건장한', 'Adjective')",,
"('재', 'Noun')","('구성', 'Noun')",
"('천정', 'Noun')",,
"('자비로운', 'Adjective')",,
"('은혜', 'Noun')",,
"('경화', 'Noun')",,
"('건강하고', 'Adjective')",,
"('풍족한', 'Adjective')",,
"('재치', 'Noun')","('있는', 'Adjective')",
"('재빠른', 'Adjective')",,
"('우호', 'Noun')","('적', 'Suffix')",
"('민첩한', 'Adjective')",,
"('모범', 'Noun')",,
"('절묘한', 'Adjective')",,
"('유용', 'Noun')",,
"('감동', 'Noun')",,
"('예절', 'Noun')",,
"('떠는', 'Verb')",,
"('대단하다', 'Adjective')",,
"('당연하다', 'Adjective')",,
"('논리학', 'Noun')","('의', 'Josa')",
"('충의', 'Noun')",,
"('정당성', 'Noun')",,
"('보증', 'Noun')",,
"('번영', 'Noun')",,
"('매혹', 'Noun')","('적', 'Suffix')","('인', 'Josa')"
"('만족', 'Noun')","('시키기', 'Verb')",
"('감사하는', 'Verb')",,
"('신동', 'Noun')",,
"('번성', 'Noun')",,
"('달링', 'Noun')",,
"('정력', 'Noun')","('적', 'Suffix')","('인', 'Josa')"
"('자존심', 'Noun')",,
"('복종', 'Noun')",,
"('낙관', 'Noun')","('적', 'Suffix')","('인', 'Josa')"
"('격려', 'Noun')",,
"('흥미', 'Noun')","('있는', 'Adjective')",
"('일치', 'Noun')","('하여', 'Verb')",
"('원기', 'Noun')",,
"('애국자', 'Noun')",,
"('대답', 'Noun')","('하는', 'Verb')",
"('흥미롭다', 'Adjective')",,
"('치료', 'Noun')","('제', 'Noun')",
"('이득', 'Noun')",,
"('선택', 'Noun')","('적', 'Suffix')","('인', 'Josa')"
"('기공', 'Noun')",,
"('연상', 'Noun')",,
"('안락한', 'Adjective')",,
"('세다', 'Verb')",,
"('믿을만한', 'Verb')",,
"('만나다', 'Verb')",,
"('드넓은', 'Adjective')",,
"('꾀어', 'Verb')",,
"('자신감', 'Noun')",,
"('독창', 'Noun')",,
"('건방진', 'Adjective')",,
"('축복', 'Noun')",,
"('용서', 'Noun')",,
"('상쾌한', 'Adjective')",,
"('발명', 'Noun')","('의', 'Josa')",
"('따뜻하다', 'Adjective')",,
"('평안', 'Noun')",,
"('유혹', 'Noun')","('하는', 'Verb')",
"('완벽', 'Noun')",,
"('싸', 'Verb')",,
"('기쁘다', 'Adjective')",,
"('건설', 'Noun')","('적', 'Suffix')","('인', 'Josa')"
"('애가', 'Noun')",,
"('사치스런', 'Adjective')",,
"('친밀하게', 'Adjective')",,
"('죄', 'Noun')","('없는', 'Adjective')",
"('영', 'Noun')","('가', 'Josa')",
"('양심', 'Noun')","('적', 'Suffix')","('인', 'Josa')"
"('숙명', 'Noun')",,
"('뛰어나게', 'Adjective')",,
"('기뻐하는', 'Adjective')",,
"('간단', 'Noun')",,
"('트러스트', 'Noun')",,
"('용기있는', 'Verb')",,
"('수당', 'Noun')",,
"('뜨겁다', 'Adjective')",,
"('덥다', 'Adjective')",,
"('꼼꼼하게', 'Adjective')",,
"('확신', 'Noun')",,
"('쾌활한', 'Adjective')",,
"('조심스러운', 'Adjective')",,
"('자랑', 'Noun')",,
"('웰빙', 'Noun')",,
"('아담한', 'Adjective')",,
"('기', 'Modifier')","('동성', 'Noun')",
"('향기로운', 'Adjective')",,
"('풍경화', 'Noun')",,
"('충분', 'Noun')",,
"('좋네요', 'Adjective')",,
"('유행', 'Noun')","('의', 'Josa')",
"('떨리는', 'Verb')",,
"('납', 'Noun')","('의', 'Josa')",
"('공짜', 'Noun')",,
"('현명하게', 'Adjective')",,
"('저', 'Noun')","('어', 'Suffix')",
"('달래는', 'Verb')",,
"('긍정', 'Noun')",,
"('친애하는', 'Adjective')",,
"('진취', 'Noun')","('적', 'Suffix')","('인', 'Josa')"
"('적시에', 'Verb')",,
"('야심', 'Noun')",,
"('액', 'Noun')",,
"('솜씨', 'Noun')",,
"('보완', 'Noun')","('적', 'Suffix')","('인', 'Josa')"
"('방재', 'Noun')",,
"('박수', 'Noun')",,
"('훌륭하다', 'Adjective')",,
"('해돋이', 'Noun')",,
"('조명하', 'Noun')","('는', 'Josa')",
"('절정', 'Noun')",,
"('유효', 'Noun')","('성', 'Suffix')",
"('우월', 'Noun')",,
"('순종', 'Noun')","('하는', 'Verb')",
"('놀랄만', 'Verb')","('한', 'Determiner')",
"('의', 'Noun')",,
"('한', 'Verb')",,
"('다른', 'Noun')",,
"('토론', 'Noun')",,
"('특히', 'Adverb')",,
"('뒤', 'Noun')",,
"('없는', 'Adjective')",,
"('해', 'Noun')",,
"('없다', 'Adjective')",,
"('성', 'Noun')",,
"('크게', 'Noun')",,
"('주의', 'Noun')",,
"('만든', 'Verb')",,
"('기타', 'Noun')",,
"('지방', 'Noun')",,
"('쓴', 'Verb')",,
"('차단', 'Noun')",,
"('긴', 'Verb')",,
"('전혀', 'Noun')",,
"('삭제', 'Noun')",,
"('죽은', 'Verb')",,
"('문제', 'Noun')",,
"('사용', 'Noun')","('하여', 'Verb')",
"('소설', 'Noun')",,
"('신', 'Noun')",,
"('본래', 'Noun')",,
"('제작', 'Noun')",,
"('만화', 'Noun')",,
"('어려운', 'Adjective')",,
"('반대', 'Noun')",,
"('섬', 'Noun')","('의', 'Josa')",
"('갑자기', 'Noun')",,
"('사망', 'Noun')",,
"('독특한', 'Adjective')",,
"('죽었다', 'Verb')",,
"('공격', 'Noun')",,
"('잘', 'VerbPrefix')","('못', 'VerbPrefix')","('된', 'Verb')"
"('정의', 'Noun')",,
"('전쟁', 'Noun')","('의', 'Josa')",
"('복잡한', 'Adjective')",,
"('피해', 'Noun')",,
"('부인', 'Noun')",,
"('대상', 'Noun')",,
"('적', 'Noun')",,
"('잘못', 'Noun')",,
"('붙어', 'Verb')",,
"('아래', 'Noun')","('의', 'Josa')",
"('상태', 'Noun')",,
"('열', 'Noun')",,
"('강제', 'Noun')",,
"('대신', 'Noun')","('에', 'Josa')",
"('좁은', 'Adjective')",,
"('적의', 'Noun')",,
"('뒤', 'Noun')","('로', 'Josa')",
"('발생', 'Noun')",,
"('거친', 'Verb')",,
"('약한', 'Adjective')",,
"('칼', 'Noun')",,
"('발표', 'Noun')",,
"('지나치게', 'Verb')",,
"('소수', 'Noun')",,
"('시험', 'Noun')",,
"('어', 'Noun')","('두운', 'Noun')",
"('전차', 'Noun')",,
"('결정', 'Noun')",,
"('죽', 'Noun')","('을', 'Josa')",
"('비판', 'Noun')",,
"('상대', 'Noun')",,
"('잃은', 'Verb')",,
"('무거운', 'Adjective')",,
"('향', 'Noun')",,
"('부족한', 'Adjective')",,
"('나쁜', 'Adjective')",,
"('길', 'Noun')",,
"('기', 'Noun')",,
"('가난한', 'Adjective')",,
"('화가', 'Noun')",,
"('색', 'Noun')",,
"('보지', 'Noun')",,
"('친일파', 'Noun')",,
"('가을', 'Noun')",,
"('가상', 'Noun')",,
"('노예', 'Noun')",,
"('어렵다', 'Adjective')",,
"('다리', 'Noun')","('를', 'Josa')",
"('경쟁', 'Noun')",,
"('걸려', 'Verb')",,
"('연결', 'Noun')",,
"('회의', 'Noun')",,
"('제한', 'Noun')",,
"('지정', 'Noun')",,
"('떨어지는', 'Verb')",,
"('문제', 'Noun')","('의', 'Josa')",
"('엄격한', 'Adjective')",,
"('부족', 'Noun')",,
"('분리', 'Noun')",,
"('끊임없이', 'Adjective')",,
"('주장', 'Noun')",,
"('발견', 'Noun')",,
"('분석', 'Noun')",,
"('타격', 'Noun')",,
"('죽음', 'Noun')",,
"('금지', 'Noun')",,
"('암살', 'Noun')",,
"('김', 'Noun')",,
"('평범한', 'Adjective')",,
"('위험한', 'Adjective')",,
"('줄거리', 'Noun')",,
"('소리', 'Noun')",,
"('불법', 'Noun')",,
"('분쟁', 'Noun')",,
"('연기', 'Noun')",,
"('부하', 'Noun')",,
"('붕괴', 'Noun')",,
"('뚜렷한', 'Adjective')",,
"('불가능한', 'Adjective')",,
"('격렬한', 'Adjective')",,
"('범죄', 'Noun')",,
"('말기', 'Noun')",,
"('잃었다', 'Verb')",,
"('수상한', 'Noun')",,
"('제외', 'Noun')",,
"('힘', 'Noun')",,
"('포', 'Noun')",,
"('지는', 'Verb')",,
"('항구', 'Noun')",,
"('개인', 'Noun')","('적', 'Suffix')","('으로', 'Josa')"
"('폐지', 'Noun')",,
"('테러', 'Noun')",,
"('수사', 'Noun')",,
"('실패한', 'Adjective')",,
"('항의', 'Noun')",,
"('고정', 'Noun')",,
"('치열한', 'Adjective')",,
"('분할', 'Noun')",,
"('충돌', 'Noun')",,
"('계승', 'Noun')",,
"('심하게', 'Adjective')",,
"('고문', 'Noun')",,
"('위반', 'Noun')",,
"('반란', 'Noun')",,
"('바이러스', 'Noun')",,
"('정지', 'Noun')",,
"('가사', 'Noun')",,
"('가짜', 'Noun')",,
"('부상', 'Noun')",,
"('살인', 'Noun')",,
"('망명', 'Noun')",,
"('짐', 'Noun')",,
"('읽을', 'Verb')",,
"('훼손', 'Noun')",,
"('선전', 'Noun')",,
"('신화', 'Noun')",,
"('사기', 'Noun')",,
"('공포', 'Noun')",,
"('복귀', 'Noun')",,
"('시위', 'Noun')",,
"('얼굴', 'Noun')",,
"('원시', 'Noun')",,
"('제한', 'Noun')","('된', 'Verb')",
"('압도', 'Noun')","('적', 'Suffix')","('인', 'Josa')"
"('부정', 'Noun')",,
"('않을까', 'Verb')",,
"('폭탄', 'Noun')",,
"('느린', 'Adjective')",,
"('긴급', 'Noun')",,
"('근본', 'Noun')","('적', 'Suffix')","('인', 'Josa')"
"('폭발', 'Noun')",,
"('과도', 'Noun')","('한', 'Josa')",
"('간신히', 'Adverb')",,
"('불', 'Noun')",,
"('맞은', 'Verb')",,
"('얇은', 'Adjective')",,
"('미친', 'Adjective')",,
"('저항', 'Noun')",,
"('치명', 'Noun')","('적', 'Suffix')","('인', 'Josa')"
"('느끼게', 'Verb')",,
"('너무나', 'Adverb')",,
"('구분', 'Noun')",,
"('조작', 'Noun')",,
"('천천히', 'Adverb')",,
"('찬', 'Noun')",,
"('잃어버린', 'Verb')",,
"('실패', 'Noun')",,
"('경고', 'Noun')",,
"('담배', 'Noun')",,
"('공전', 'Noun')",,
"('암', 'Noun')",,
"('오류', 'Noun')",,
"('대응', 'Noun')",,
"('효과', 'Noun')","('적', 'Suffix')","('인', 'Josa')"
"('학살', 'Noun')",,
"('파괴', 'Noun')",,
"('사막', 'Noun')",,
"('죽이는', 'Verb')",,
"('잘못', 'Noun')","('을', 'Josa')",
"('체포', 'Noun')",,
"('자살', 'Noun')",,
"('인정', 'Noun')",,
"('유적', 'Noun')",,
"('불필요한', 'Adjective')",,
"('멸망', 'Noun')",,
"('차가운', 'Adjective')",,
"('기병', 'Noun')",,
"('위기', 'Noun')",,
"('인상', 'Noun')","('적', 'Suffix')","('인', 'Josa')"
"('거짓', 'Noun')",,
"('통제', 'Noun')",,
"('사소한', 'Adjective')",,
"('관심', 'Noun')",,
"('병', 'Noun')",,
"('비싼', 'Adjective')",,
"('레슬링', 'Noun')",,
"('대립', 'Noun')",,
"('논쟁', 'Noun')",,
"('침략', 'Noun')",,
"('제거', 'Noun')",,
"('형사', 'Noun')",,
"('구름', 'Noun')",,
"('취한', 'Noun')",,
"('신비', 'Noun')",,
"('장애', 'Noun')",,
"('숨어', 'Verb')",,
"('펑크', 'Noun')",,
"('저지른', 'Verb')",,
"('불리한', 'Adjective')",,
"('실수', 'Noun')",,
"('척', 'Noun')",,
"('추운', 'Verb')",,
"('동의', 'Noun')",,
"('두꺼운', 'Adjective')",,
"('분산', 'Noun')",,
"('비판', 'Noun')","('적', 'Suffix')","('인', 'Josa')"
"('변형', 'Noun')",,
"('장애인', 'Noun')",,
"('위험', 'Noun')",,
"('근본', 'Noun')","('적', 'Suffix')","('으로', 'Josa')"
"('부족', 'Noun')","('의', 'Josa')",
"('거부', 'Noun')",,
"('무력', 'Noun')",,
"('시도', 'Noun')",,
"('금지', 'Noun')","('하는', 'Verb')",
"('표면', 'Noun')","('의', 'Josa')",
"('공격', 'Noun')","('적', 'Suffix')","('인', 'Josa')"
"('탈출', 'Noun')",,
"('죄', 'Noun')",,
"('갈등', 'Noun')",,
"('발굴', 'Noun')",,
"('항복', 'Noun')",,
"('정복', 'Noun')",,
"('마약', 'Noun')",,
"('침해', 'Noun')",,
"('음', 'Noun')",,
"('동굴', 'Noun')",,
"('야생', 'Noun')",,
"('무서운', 'Adjective')",,
"('제한', 'Noun')","('하는', 'Verb')",
"('기기', 'Noun')",,
"('악의', 'Noun')",,
"('환상', 'Noun')",,
"('얕은', 'Adjective')",,
"('암흑', 'Noun')",,
"('먼지', 'Noun')",,
"('감소', 'Noun')",,
"('회수', 'Noun')",,
"('경과', 'Noun')",,
"('중단', 'Noun')",,
"('구분', 'Noun')","('하는', 'Verb')",
"('사직', 'Noun')",,
"('감시', 'Noun')",,
"('의혹', 'Noun')",,
"('복수', 'Noun')",,
"('느리게', 'Adjective')",,
"('허위', 'Noun')",,
"('살해', 'Noun')",,
"('가능성', 'Noun')",,
"('분열', 'Noun')",,
"('무효', 'Noun')",,
"('차별', 'Noun')",,
"('도착', 'Noun')",,
"('질병', 'Noun')",,
"('불안정한', 'Adjective')",,
"('쓰레기', 'Noun')",,
"('싫어하는', 'Adjective')",,
"('부당한', 'Adjective')",,
"('싸움', 'Noun')",,
"('돼지', 'Noun')",,
"('도전', 'Noun')",,
"('한정', 'Noun')",,
"('논쟁', 'Noun')","('의', 'Josa')",
"('던전', 'Noun')",,
"('한정', 'Noun')","('된', 'Verb')",
"('해산', 'Noun')",,
"('비극', 'Noun')",,
"('종족', 'Noun')",,
"('엄격하게', 'Adjective')",,
"('악마', 'Noun')","('의', 'Josa')",
"('부패', 'Noun')",,
"('반복', 'Noun')",,
"('실업', 'Noun')",,
"('압도', 'Noun')","('적', 'Suffix')","('으로', 'Josa')"
"('파괴', 'Noun')","('하는', 'Verb')",
"('극단', 'Noun')",,
"('부진한', 'Adjective')",,
"('잡기', 'Noun')",,
"('요동', 'Noun')",,
"('처벌', 'Noun')",,
"('지상', 'Noun')","('에', 'Josa')",
"('혼란', 'Noun')",,
"('방해', 'Noun')","('하는', 'Verb')",
"('감염', 'Noun')",,
"('끊임없는', 'Adjective')",,
"('탱크', 'Noun')",,
"('투쟁', 'Noun')",,
"('악마', 'Noun')",,
"('이상하게', 'Adjective')",,
"('악성', 'Noun')",,
"('줄어들고', 'Verb')",,
"('상해', 'Noun')",,
"('반대', 'Noun')","('의', 'Josa')",
"('갈라진', 'Verb')",,
"('마른', 'Adjective')",,
"('슬픈', 'Adjective')",,
"('허용', 'Noun')",,
"('추락', 'Noun')",,
"('비난', 'Noun')",,
"('무용', 'Noun')",,
"('용인', 'Noun')",,
"('관직', 'Noun')",,
"('갇혀', 'Verb')",,
"('불안한', 'Adjective')",,
"('괴물', 'Noun')",,
"('비판', 'Noun')","('적', 'Suffix')",
"('자연스러운', 'Adjective')",,
"('과격한', 'Adjective')",,
"('조상', 'Noun')",,
"('피', 'Noun')",,
"('지연', 'Noun')",,
"('속', 'Noun')","('이다', 'Josa')",
"('깜짝', 'Noun')",,
"('피', 'Noun')","('의', 'Josa')",
"('죄송합니다', 'Adjective')",,
"('진압', 'Noun')",,
"('금지', 'Noun')","('된', 'Verb')",
"('과도', 'Noun')",,
"('패러디', 'Noun')",,
"('딱딱한', 'Adjective')",,
"('곤충', 'Noun')",,
"('인형', 'Noun')",,
"('진동', 'Noun')",,
"('악', 'Noun')",,
"('독', 'Noun')",,
"('피로', 'Noun')",,
"('탈락', 'Noun')",,
"('잔인한', 'Adjective')",,
"('두려워하여', 'Adjective')",,
"('사악한', 'Adjective')",,
"('구멍', 'Noun')",,
"('간섭', 'Noun')",,
"('중복', 'Noun')",,
"('새끼', 'Noun')",,
"('대결', 'Noun')",,
"('오염', 'Noun')",,
"('축소', 'Noun')",,
"('약하다', 'Adjective')",,
"('흙', 'Noun')",,
"('모호한', 'Adjective')",,
"('불완전한', 'Adjective')",,
"('끔찍한', 'Adjective')",,
"('소박한', 'Adjective')",,
"('수치', 'Noun')",,
"('동의', 'Noun')","('하지', 'Verb')",
"('정체', 'Noun')",,
"('구제', 'Noun')",,
"('침몰', 'Noun')",,
"('중량', 'Noun')",,
"('위헌', 'Noun')",,
"('신비한', 'Adjective')",,
"('비참한', 'Adjective')",,
"('감옥', 'Noun')",,
"('애매한', 'Adjective')",,
"('연결할', 'Adjective')",,
"('취급', 'Noun')",,
"('유죄', 'Noun')",,
"('폭포', 'Noun')",,
"('분해', 'Noun')",,
"('노인', 'Noun')",,
"('상처', 'Noun')",,
"('물건', 'Noun')",,
"('침입', 'Noun')",,
"('왜곡', 'Noun')",,
"('비평', 'Noun')",,
"('노골', 'Noun')","('적', 'Suffix')","('으로', 'Josa')"
"('추방', 'Noun')",,
"('전도', 'Noun')",,
"('스트레스', 'Noun')",,
"('불행한', 'Adjective')",,
"('거짓', 'Noun')","('으로', 'Josa')",
"('갇힌', 'Verb')",,
"('증후군', 'Noun')",,
"('폭행', 'Noun')",,
"('아픈', 'Adjective')",,
"('손실', 'Noun')",,
"('상실한', 'Adjective')",,
"('안개', 'Noun')",,
"('몰락', 'Noun')",,
"('무너져', 'Verb')",,
"('철', 'Noun')","('의', 'Josa')",
"('울', 'Noun')",,
"('사임', 'Noun')",,
"('파시스트', 'Noun')",,
"('무차별', 'Noun')",,
"('평민', 'Noun')",,
"('스트라이크', 'Noun')",,
"('강간', 'Noun')",,
"('험한', 'Adjective')",,
"('타락한', 'Adjective')",,
"('협박', 'Noun')",,
"('폭동', 'Noun')",,
"('파업', 'Noun')",,
"('부정', 'Noun')","('한', 'Josa')",
"('소', 'Modifier')","('극적', 'Noun')","('인', 'Josa')"
"('고통', 'Noun')",,
"('휴식', 'Noun')",,
"('적대', 'Noun')",,
"('적대', 'Noun')","('적', 'Suffix')","('인', 'Josa')"
"('서리', 'Noun')",,
"('방해', 'Noun')",,
"('임의', 'Noun')",,
"('유연한', 'Adjective')",,
"('위협', 'Noun')",,
"('먹이', 'Noun')",,
"('욕설', 'Noun')",,
"('스틸', 'Noun')",,
"('불안', 'Noun')",,
"('난민', 'Noun')",,
"('희생', 'Noun')","('자', 'Suffix')",
"('자세', 'Noun')",,
"('반란', 'Noun')","('의', 'Josa')",
"('고장', 'Noun')",,
"('소멸', 'Noun')",,
"('도망친', 'Verb')",,
"('유아', 'Noun')",,
"('맹렬한', 'Adjective')",,
"('독재자', 'Noun')",,
"('가려', 'Verb')",,
"('충격', 'Noun')",,
"('지나간', 'Verb')",,
"('앉은', 'Verb')",,
"('지옥', 'Noun')","('의', 'Josa')",
"('더러운', 'Adjective')",,
"('기묘한', 'Adjective')",,
"('어둠', 'Noun')",,
"('그릇된', 'Adjective')",,
"('화상', 'Noun')",,
"('조금', 'Noun')","('도', 'Josa')",
"('파산', 'Noun')",,
"('고추', 'Noun')",,
"('희생', 'Noun')",,
"('비극', 'Noun')","('의', 'Josa')",
"('거짓말', 'Noun')",,
"('파시즘', 'Noun')",,
"('중독', 'Noun')",,
"('버그', 'Noun')",,
"('경보', 'Noun')",,
"('불규칙', 'Noun')",,
"('회피', 'Noun')",,
"('바이러스', 'Noun')","('의', 'Josa')",
"('굴', 'Noun')",,
"('약탈', 'Noun')",,
"('충격', 'Noun')","('적', 'Suffix')","('인', 'Josa')"
"('까다로운', 'Adjective')",,
"('과장', 'Noun')",,
"('불규칙한', 'Adjective')",,
"('비평가', 'Noun')",,
"('비밀', 'Noun')","('의', 'Josa')",
"('도청', 'Noun')",,
"('풍자', 'Noun')",,
"('증상', 'Noun')",,
"('die', 'Alpha')",,
"('의심', 'Noun')",,
"('과잉', 'Noun')",,
"('지옥', 'Noun')",,
"('소유권', 'Noun')",,
"('오해', 'Noun')",,
"('노예', 'Noun')","('의', 'Josa')",
"('환상', 'Noun')","('의', 'Josa')",
"('시체', 'Noun')",,
"('인질', 'Noun')",,
"('유혈', 'Noun')",,
"('위조', 'Noun')",,
"('과장', 'Noun')","('된', 'Verb')",
"('과실', 'Noun')",,
"('불확실한', 'Adjective')",,
"('급한', 'Adjective')",,
"('진흙', 'Noun')",,
"('부재', 'Noun')",,
"('괴뢰', 'Noun')",,
"('저하', 'Noun')",,
"('손상', 'Noun')",,
"('포기', 'Noun')",,
"('어리석은', 'Adjective')",,
"('색다른', 'Adjective')",,
"('빈곤', 'Noun')",,
"('무의미한', 'Adjective')",,
"('단점', 'Noun')",,
"('해킹', 'Noun')",,
"('우연', 'Noun')","('한', 'Josa')",
"('소음', 'Noun')",,
"('레일', 'Noun')",,
"('레몬', 'Noun')",,
"('어려움', 'Noun')",,
"('야수', 'Noun')",,
"('자극', 'Noun')","('하는', 'Verb')",
"('인위', 'Noun')","('적', 'Suffix')","('인', 'Josa')"
"('성운', 'Noun')","('의', 'Josa')",
"('호환성', 'Noun')",,
"('침대', 'Noun')",,
"('심해', 'Noun')",,
"('스캔들', 'Noun')",,
"('재해', 'Noun')",,
"('고아', 'Noun')",,
"('강요', 'Noun')",,
"('실망한', 'Adjective')",,
"('해로운', 'Adjective')",,
"('필사', 'Noun')","('적', 'Suffix')","('으로', 'Josa')"
"('투옥', 'Noun')",,
"('이탈', 'Noun')",,
"('배출', 'Noun')",,
"('무자비한', 'Adjective')",,
"('무능한', 'Adjective')",,
"('관계', 'Noun')","('없는', 'Adjective')",
"('혼란', 'Noun')","('스러운', 'Josa')",
"('수수께끼', 'Noun')",,
"('부당하게', 'Adjective')",,
"('대', 'Modifier')","('학살', 'Noun')",
"('평', 'Noun')",,
"('욕', 'Noun')",,
"('열세', 'Noun')",,
"('생략', 'Noun')",,
"('플레어', 'Noun')",,
"('짐승', 'Noun')","('의', 'Josa')",
"('무작위', 'Noun')",,
"('긴장', 'Noun')",,
"('성난', 'Verb')",,
"('험준한', 'Adjective')",,
"('펀치', 'Noun')",,
"('종속', 'Noun')",,
"('이별', 'Noun')",,
"('응답', 'Noun')",,
"('위협', 'Noun')","('적', 'Suffix')","('인', 'Josa')"
"('맹렬히', 'Adjective')",,
"('독성', 'Noun')",,
"('경계', 'Noun')","('의', 'Josa')",
"('인종차별', 'Noun')",,
"('구경', 'Noun')",,
"('경쟁', 'Noun')","('하는', 'Verb')",
"('함정', 'Noun')",,
"('원', 'Noun')","('어', 'Suffix')",
"('악화', 'Noun')",,
"('고소', 'Noun')",,
"('정적', 'Noun')","('인', 'Josa')",
"('쓸데없는', 'Adjective')",,
"('새는', 'Verb')",,
"('냄새', 'Noun')",,
"('저주', 'Noun')",,
"('분노', 'Noun')",,
"('놈', 'Noun')",,
"('깨진', 'Verb')",,
"('스쿼시', 'Noun')",,
"('미숙', 'Noun')","('한', 'Josa')",
"('시차', 'Noun')",,
"('거치', 'Noun')","('게', 'Josa')",
"('훔쳐', 'Verb')",,
"('물리치는', 'Verb')",,
"('고백', 'Noun')",,
"('썩은', 'Verb')",,
"('불쾌한', 'Adjective')",,
"('추방', 'Noun')","('된', 'Verb')",
"('아가씨', 'Noun')",,
"('무시무시한', 'Adjective')",,
"('도주', 'Noun')",,
"('구토', 'Noun')",,
"('전염병', 'Noun')",,
"('비정상', 'Noun')","('적', 'Suffix')","('으로', 'Josa')"
"('억제', 'Noun')",,
"('흔들리는', 'Verb')",,
"('회의', 'Noun')","('적', 'Suffix')","('인', 'Josa')"
"('반박', 'Noun')",,
"('리프트', 'Noun')",,
"('교도소', 'Noun')",,
"('죽어가는', 'Verb')",,
"('악명', 'Noun')",,
"('무시', 'Noun')",,
"('혼돈', 'Noun')",,
"('스테레오', 'Noun')",,
"('불만', 'Noun')",,
"('폭발', 'Noun')","('의', 'Josa')",
"('근거', 'Noun')","('없는', 'Adjective')",
"('고용', 'Noun')","('된', 'Verb')",
"('강조', 'Noun')",,
"('희미한', 'Adjective')",,
"('용의자', 'Noun')",,
"('여분', 'Noun')","('의', 'Josa')",
"('발열', 'Noun')",,
"('마찰', 'Noun')",,
"('쓰다', 'Verb')",,
"('슬픔', 'Noun')",,
"('불평등', 'Noun')",,
"('급진', 'Noun')",,
"('굽', 'Noun')","('은', 'Josa')",
"('통증', 'Noun')",,
"('손해', 'Noun')",,
"('도끼', 'Noun')",,
"('과', 'Noun')","('다', 'Josa')",
"('고발', 'Noun')",,
"('결함', 'Noun')",,
"('팽창', 'Noun')",,
"('전복', 'Noun')",,
"('악당', 'Noun')",,
"('떨어뜨리는', 'Verb')",,
"('부수', 'Noun')",,
"('부담', 'Noun')",,
"('변조', 'Noun')",,
"('박해', 'Noun')",,
"('레이크', 'Noun')",,
"('난폭한', 'Adjective')",,
"('괴롭히는', 'Verb')",,
"('후퇴', 'Noun')",,
"('속', 'Noun')","('이고', 'Josa')",
"('불합리', 'Noun')","('한', 'Josa')",
"('해고', 'Noun')",,
"('퍼지는', 'Verb')",,
"('부동', 'Noun')","('의', 'Josa')",
"('냉정한', 'Adjective')",,
"('주차', 'Noun')",,
"('우울한', 'Adjective')",,
"('우울증', 'Noun')",,
"('배수', 'Noun')",,
"('꼭두각시', 'Noun')",,
"('부', 'Noun')","('정확한', 'Adjective')",
"('범죄자', 'Noun')",,
"('무례한', 'Adjective')",,
"('고민', 'Noun')",,
"('고난', 'Noun')",,
"('흔적', 'Noun')",,
"('해치는', 'Verb')",,
"('외딴', 'Noun')",,
"('동요', 'Noun')",,
"('기괴한', 'Adjective')",,
"('가린다', 'Verb')",,
"('시제', 'Noun')",,
"('훔친', 'Verb')",,
"('불행하게도', 'Adjective')",,
"('부서진', 'Verb')",,
"('느슨하게', 'Adjective')",,
"('괴로운', 'Adjective')",,
"('초라한', 'Adjective')",,
"('잼', 'Noun')",,
"('재난', 'Noun')",,
"('싸인', 'Noun')",,
"('쇠퇴', 'Noun')",,
"('나쁘게', 'Adjective')",,
"('편광', 'Noun')",,
"('원한', 'Noun')",,
"('실패하는', 'Adjective')",,
"('수사학', 'Noun')",,
"('불화', 'Noun')",,
"('모순', 'Noun')",,
"('강세', 'Noun')",,
"('폐', 'Noun')",,
"('강제', 'Noun')","('적', 'Suffix')","('인', 'Josa')"
"('휘발', 'Noun')","('성', 'Suffix')",
"('좀비', 'Noun')",,
"('잉여', 'Noun')",,
"('예언', 'Noun')",,
"('성교', 'Noun')",,
"('밀집', 'Noun')","('한', 'Josa')",
"('거지', 'Noun')",,
"('탈선', 'Noun')",,
"('타도', 'Noun')",,
"('장애물', 'Noun')",,
"('종말', 'Noun')",,
"('제한', 'Noun')","('적', 'Suffix')",
"('엄', 'Noun')","('한', 'Josa')",
"('불쾌하게', 'Adjective')",,
"('황당한', 'Adjective')",,
"('학대', 'Noun')",,
"('풀린', 'Verb')",,
"('전연', 'Noun')",,
"('원료', 'Noun')",,
"('엉터리', 'Noun')",,
"('무지', 'Noun')",,
"('거절', 'Noun')",,
"('의심스러운', 'Adjective')",,
"('소원', 'Noun')",,
"('무모한', 'Adjective')",,
"('후방', 'Noun')","('의', 'Josa')",
"('한도', 'Noun')",,
"('정반대', 'Noun')","('로', 'Josa')",
"('야생', 'Noun')","('의', 'Josa')",
"('성급한', 'Adjective')",,
"('두통', 'Noun')",,
"('흐린', 'Verb')",,
"('상어', 'Noun')",,
"('디스', 'Noun')",,
"('단호', 'Noun')","('히', 'Adverb')",
"('굴욕', 'Noun')","('적', 'Suffix')","('인', 'Josa')"
"('굳어진', 'Verb')",,
"('광대', 'Noun')",,
"('질투', 'Noun')",,
"('억압', 'Noun')",,
"('실패', 'Noun')","('의', 'Josa')",
"('병든', 'Verb')",,
"('냉동', 'Noun')",,
"('break', 'Alpha')",,
"('절연', 'Noun')",,
"('생소한', 'Adjective')",,
"('빈민', 'Noun')",,
"('악의', 'Noun')","('적', 'Suffix')","('으로', 'Josa')"
"('매트', 'Noun')",,
"('도망', 'Noun')",,
"('기피', 'Noun')",,
"('공황', 'Noun')",,
"('하인', 'Noun')",,
"('편견', 'Noun')",,
"('찌르는', 'Verb')",,
"('알레르기', 'Noun')",,
"('순교', 'Noun')",,
"('드', 'Noun')","('래그', 'Noun')",
"('끊어진', 'Verb')",,
"('흠', 'Noun')",,
"('유해한', 'Adjective')",,
"('노', 'Noun')","('하여', 'Verb')",
"('교각', 'Noun')",,
"('고독', 'Noun')","('한', 'Josa')",
"('폐기', 'Noun')",,
"('착용', 'Noun')",,
"('진술', 'Noun')",,
"('지독한', 'Adjective')",,
"('저주받은', 'Verb')",,
"('선동', 'Noun')",,
"('불길한', 'Adjective')",,
"('매점', 'Noun')",,
"('롤러코스터', 'Noun')",,
"('치우친', 'Verb')",,
"('외상', 'Noun')",,
"('신병', 'Noun')",,
"('숨겨', 'Verb')",,
"('미정', 'Noun')",,
"('모순', 'Noun')","('된', 'Verb')",
"('기질', 'Noun')",,
"('거칠게', 'Verb')",,
"('흉상', 'Noun')",,
"('패자', 'Noun')",,
"('아이러니', 'Noun')","('하게도', 'Verb')",
"('아나키즘', 'Noun')",,
"('황', 'Noun')","('급히', 'Adjective')",
"('짐승', 'Noun')",,
"('어색한', 'Adjective')",,
"('어둡게', 'Adjective')",,
"('분기', 'Noun')","('하는', 'Verb')",
"('미', 'Adjective')","('확인', 'Noun')",
"('무책임한', 'Adjective')",,
"('만료', 'Noun')",,
"('남용', 'Noun')",,
"('걱정', 'Noun')","('하는', 'Verb')",
"('가난', 'Noun')",,
"('혼잡한', 'Adjective')",,
"('잔인하게', 'Adjective')",,
"('싸게', 'Verb')",,
"('불미', 'Noun')","('스러운', 'Josa')",
"('공모', 'Noun')",,
"('접시', 'Noun')",,
"('인성', 'Noun')",,
"('이교도', 'Noun')",,
"('비활', 'Noun')","('성', 'Suffix')",
"('무의식', 'Noun')","('적', 'Suffix')","('으로', 'Josa')"
"('굶어', 'Verb')",,
"('강조', 'Noun')","('된', 'Verb')",
"('폐허', 'Noun')",,
"('유행', 'Noun')","('하는', 'Verb')",
"('우울', 'Noun')",,
"('반증', 'Noun')",,
"('구부러진', 'Verb')",,
"('호전', 'Noun')","('적', 'Suffix')","('인', 'Josa')"
"('탐욕', 'Noun')",,
"('지체', 'Noun')",,
"('이', 'Determiner')","('기적', 'Noun')","('인', 'Josa')"
"('시끄러운', 'Adjective')",,
"('스케치', 'Noun')",,
"('서투른', 'Adjective')",,
"('붐비는', 'Verb')",,
"('묘', 'Noun')","('한', 'Josa')",
"('혼전', 'Noun')",,
"('악용', 'Noun')",,
"('실점', 'Noun')",,
"('속이는', 'Verb')",,
"('막연한', 'Adjective')",,
"('긴급한', 'Adjective')",,
"('구타', 'Noun')",,
"('감기', 'Noun')",,
"('활동가', 'Noun')",,
"('하강', 'Noun')",,
"('파괴', 'Noun')","('적', 'Suffix')","('인', 'Josa')"
"('주사위', 'Noun')",,
"('반역', 'Noun')",,
"('기발한', 'Adjective')",,
"('엉덩이', 'Noun')",,
"('순진한', 'Adjective')",,
"('상한', 'Noun')",,
"('비싸다', 'Adjective')",,
"('배신', 'Noun')",,
"('되다', 'Verb')",,
"('기근', 'Noun')",,
"('경합', 'Noun')",,
"('걱정', 'Noun')",,
"('가뭄', 'Noun')",,
"('형벌', 'Noun')",,
"('침입', 'Noun')","('하는', 'Verb')",
"('암', 'Noun')","('의', 'Josa')",
"('소문', 'Noun')",,
"('발포', 'Noun')",,
"('천공', 'Noun')",,
"('압박', 'Noun')",,
"('불쌍한', 'Adjective')",,
"('천한', 'Adjective')",,
"('자루', 'Noun')",,
"('살인', 'Noun')","('의', 'Josa')",
"('비하', 'Verb')",,
"('막힌', 'Verb')",,
"('침식', 'Noun')",,
"('이심률', 'Noun')",,
"('배신자', 'Noun')",,
"('헛된', 'Noun')",,
"('춥다', 'Noun')",,
"('불충분한', 'Adjective')",,
"('분개한', 'Adjective')",,
"('바리', 'Noun')",,
"('무너질', 'Verb')",,
"('못', 'VerbPrefix')","('된', 'Verb')",
"('단호', 'Noun')","('한', 'Josa')",
"('혼잡', 'Noun')",,
"('주름', 'Noun')",,
"('아랫', 'Modifier')",,
"('비꼬는', 'Verb')",,
"('블라인드', 'Noun')",,
"('불명예', 'Noun')","('스러운', 'Josa')",
"('무신론', 'Noun')",,
"('침착한', 'Adjective')",,
"('오만한', 'Adjective')",,
"('소외', 'Noun')",,
"('분출', 'Noun')",,
"('독재', 'Noun')","('의', 'Josa')",
"('늘어진', 'Verb')",,
"('나사', 'Noun')",,
"('그늘', 'Noun')",,
"('경쟁자', 'Noun')",,
"('회귀', 'Noun')",,
"('폭발물', 'Noun')",,
"('전치', 'Noun')",,
"('자지', 'Noun')",,
"('완고한', 'Adjective')",,
"('염증', 'Noun')",,
"('쓸모없는', 'Adjective')",,
"('싫어하여', 'Adjective')",,
"('부끄러운', 'Adjective')",,
"('화나게', 'Verb')",,
"('침수', 'Noun')",,
"('충만', 'Noun')","('한', 'Josa')",
"('좌절', 'Noun')",,
"('울타리', 'Noun')",,
"('배제', 'Noun')",,
"('무질서', 'Noun')","('한', 'Josa')",
"('농담', 'Noun')",,
"('힘', 'Noun')","('있는', 'Adjective')",
"('평민', 'Noun')","('의', 'Josa')",
"('파편', 'Noun')",,
"('터', 'Noun')","('무니', 'Noun')","('없는', 'Adjective')"
"('일', 'Modifier')","('탈', 'Noun')",
"('수고', 'Noun')",,
"('불', 'Noun')","('안정', 'Noun')",
"('보조', 'Noun')","('적', 'Suffix')","('인', 'Josa')"
"('버림', 'Verb')","('받은', 'Verb')",
"('발진', 'Noun')",,
"('호구', 'Noun')",,
"('해골', 'Noun')",,
"('중상', 'Noun')",,
"('연루', 'Noun')",,
"('약화', 'Noun')",,
"('싫어', 'Adjective')",,
"('시', 'Noun')","('다', 'Josa')",
"('수수한', 'Adjective')",,
"('불완전', 'Noun')",,
"('박탈', 'Noun')",,
"('바이스', 'Noun')",,
"('내', 'Determiner')","('키', 'Noun')","('지', 'Josa')"
"('강경', 'Noun')","('파', 'Noun')",
"('혐오', 'Noun')",,
"('허위', 'Noun')","('의', 'Josa')",
"('푼', 'Noun')",,
"('지루한', 'Adjective')",,
"('주먹', 'Noun')",,
"('악화', 'Noun')","('되는', 'Verb')",
"('싫은', 'Adjective')",,
"('불균형', 'Noun')",,
"('프로스트', 'Noun')",,
"('출혈', 'Noun')",,
"('별난', 'Noun')",,
"('무관심', 'Noun')",,
"('대홍수', 'Noun')",,
"('근본', 'Noun')","('주의', 'Noun')",
"('과세', 'Noun')",,
"('표면', 'Noun')","('적', 'Suffix')","('으로', 'Josa')"
"('연약한', 'Adjective')",,
"('약탈', 'Noun')","('하는', 'Verb')",
"('불신', 'Noun')",,
"('매듭', 'Noun')",,
"('단조로운', 'Adjective')",,
"('자그마한', 'Adjective')",,
"('어기는', 'Verb')",,
"('뚱뚱한', 'Adjective')",,
"('뒤', 'Noun')","('떨어진', 'Verb')",
"('동결', 'Noun')",,
"('결여', 'Noun')","('된', 'Verb')",
"('격노한', 'Adjective')",,
"('흡입', 'Noun')",,
"('하찮은', 'Adjective')",,
"('재발', 'Noun')",,
"('우려', 'Noun')","('하는', 'Verb')",
"('역설', 'Noun')","('적', 'Suffix')","('으로', 'Josa')"
"('신', 'Modifier')","('비적', 'Noun')","('인', 'Josa')"
"('부과', 'Noun')",,
"('콤플렉스', 'Noun')",,
"('언', 'Modifier')",,
"('비열한', 'Adjective')",,
"('벗겨', 'Verb')",,
"('무서워', 'Adjective')",,
"('교활한', 'Adjective')",,
"('고민', 'Noun')","('하는', 'Verb')",
"('가난하게', 'Adjective')",,
"('황량', 'Noun')","('한', 'Josa')",
"('터', 'Noun')","('무니', 'Noun')",
"('불운', 'Noun')","('한', 'Josa')",
"('부식', 'Noun')",,
"('복종', 'Noun')","('하는', 'Verb')",
"('대조', 'Noun')","('되는', 'Verb')",
"('침체', 'Noun')",,
"('착취', 'Noun')",,
"('매복', 'Noun')",,
"('왕따', 'Noun')",,
"('어둡다', 'Adjective')",,
"('슬퍼하는', 'Adjective')",,
"('불명예', 'Noun')",,
"('부적절', 'Noun')",,
"('부도덕한', 'Adjective')",,
"('무정', 'Noun')","('부주의', 'Noun')",
"('무식한', 'Adjective')",,
"('무관심한', 'Adjective')",,
"('괴로움', 'Noun')",,
"('팽팽', 'Noun')","('한', 'Josa')",
"('치명', 'Noun')","('적', 'Suffix')",
"('조커', 'Noun')",,
"('우스꽝스러운', 'Adjective')",,
"('미신', 'Noun')",,
"('말소', 'Verb')",,
"('기생충', 'Noun')",,
"('풍자', 'Noun')","('적', 'Suffix')","('인', 'Josa')"
"('어는', 'Modifier')",,
"('암살자', 'Noun')",,
"('악몽', 'Noun')",,
"('스플릿', 'Noun')",,
"('비장', 'Noun')",,
"('무더운', 'Adjective')",,
"('논쟁', 'Noun')","('적', 'Suffix')","('인', 'Josa')"
"('냉담한', 'Adjective')",,
"('결핍', 'Noun')",,
"('형편', 'Noun')",,
"('폭', 'Noun')","('군', 'Suffix')",
"('죄인', 'Noun')",,
"('자객', 'Noun')",,
"('쐐기', 'Noun')",,
"('속박', 'Noun')",,
"('불변', 'Noun')",,
"('반역', 'Noun')","('의', 'Josa')",
"('맹세', 'Noun')",,
"('격리', 'Noun')",,
"('강박', 'Noun')",,
"('타락', 'Noun')",,
"('추한', 'Adjective')",,
"('추악한', 'Adjective')",,
"('망할', 'Adjective')",,
"('둔한', 'Adjective')",,
"('데몬', 'Noun')",,
"('낙인', 'Noun')",,
"('기행', 'Noun')",,
"('교란', 'Noun')",,
"('트위스트', 'Noun')",,
"('조롱', 'Noun')",,
"('적대', 'Noun')","('하는', 'Verb')",
"('불공정', 'Noun')",,
"('변태', 'Noun')",,
"('천적', 'Noun')",,
"('주입', 'Noun')",,
"('절박', 'Noun')","('한', 'Josa')",
"('억압', 'Noun')","('적', 'Suffix')","('인', 'Josa')"
"('앉아있는', 'Verb')",,
"('보이콧', 'Noun')",,
"('무섭게', 'Adjective')",,
"('메', 'Noun')","('마른', 'Adjective')",
"('누', 'Noun')","('출', 'Verb')",
"('가파르', 'Noun')","('게', 'Josa')",
"('현세', 'Noun')","('의', 'Josa')",
"('잉어', 'Noun')",,
"('우수리', 'Noun')",,
"('엄숙한', 'Adjective')",,
"('불평', 'Noun')",,
"('금기', 'Noun')",,
"('귀찮은', 'Adjective')",,
"('걱정', 'Noun')","('하여', 'Verb')",
"('거만한', 'Adjective')",,
"('험악한', 'Adjective')",,
"('증오', 'Noun')",,
"('욕심', 'Noun')",,
"('스크래치', 'Noun')",,
"('소', 'Modifier')","('폭', 'Noun')",
"('부당', 'Noun')",,
"('모욕', 'Noun')",,
"('대공포', 'Noun')",,
"('꼬인', 'Adjective')",,
"('골절', 'Noun')",,
"('후회', 'Noun')",,
"('채찍', 'Noun')",,
"('찢어진', 'Verb')",,
"('조잡한', 'Adjective')",,
"('조소', 'Noun')",,
"('전멸', 'Noun')",,
"('재앙', 'Noun')",,
"('애로', 'Noun')",,
"('부푼', 'Verb')",,
"('문맹', 'Noun')",,
"('도상', 'Noun')",,
"('도발', 'Noun')",,
"('괴이', 'Noun')","('한', 'Josa')",
"('환각', 'Noun')",,
"('징후', 'Noun')",,
"('오인', 'Noun')",,
"('무력한', 'Adjective')",,
"('경솔한', 'Adjective')",,
"('하락', 'Noun')",,
"('자살', 'Noun')","('의', 'Josa')",
"('일그러진', 'Verb')",,
"('역경', 'Noun')",,
"('싸구려', 'Noun')",,
"('불편', 'Noun')",,
"('부조리', 'Noun')",,
"('병적', 'Noun')","('인', 'Josa')",
"('벨소리', 'Noun')",,
"('배반', 'Noun')",,
"('방어', 'Noun')","('적', 'Suffix')","('인', 'Josa')"
"('가자미', 'Noun')",,
"('퍼지', 'Verb')",,
"('크리프', 'Noun')",,
"('취약', 'Noun')",,
"('저속한', 'Adjective')",,
"('이교', 'Noun')",,
"('울음', 'Noun')",,
"('약점', 'Noun')",,
"('실업자', 'Noun')",,
"('실망', 'Noun')",,
"('속임수', 'Noun')",,
"('속', 'Modifier')","('이기', 'Noun')",
"('번거로운', 'Adjective')",,
"('만들다', 'Verb')",,
"('녹', 'Noun')",,
"('낭비', 'Noun')",,
"('과열', 'Noun')",,
"('공연히', 'Adverb')",,
"('경고', 'Noun')","('의', 'Josa')",
"('감염', 'Noun')","('되는', 'Verb')",
"('향연', 'Noun')",,
"('틀리게', 'Verb')",,
"('탁한', 'Adjective')",,
"('차별', 'Noun')","('적', 'Suffix')","('인', 'Josa')"
"('예속', 'Noun')",,
"('악취', 'Noun')",,
"('부재자', 'Noun')",,
"('발휘', 'Noun')",,
"('문서', 'Noun')","('화', 'Suffix')",
"('무른', 'Noun')",,
"('모욕', 'Noun')","('한', 'Josa')",
"('대담', 'Noun')",,
"('광기', 'Noun')",,
"('과소', 'Noun')",,
"('가라앉는', 'Verb')",,
"('현기증', 'Noun')",,
"('헤로인', 'Noun')",,
"('지터', 'Noun')",,
"('우스운', 'Adjective')",,
"('어설픈', 'Adjective')",,
"('아파', 'Adjective')",,
"('불', 'Noun')","('일치', 'Noun')",
"('반항', 'Noun')",,
"('매국노', 'Noun')",,
"('난처한', 'Adjective')",,
"('그리워', 'Adjective')",,
"('게토', 'Noun')",,
"('황폐', 'Noun')","('한', 'Josa')",
"('통렬', 'Noun')","('한', 'Josa')",
"('창백한', 'Adjective')",,
"('사기', 'Noun')","('의', 'Josa')",
"('부정', 'Noun')","('하게', 'Verb')",
"('변덕', 'Noun')","('스러운', 'Josa')",
"('버스', 'Noun')","('트', 'Noun')",
"('뒤틀린', 'Verb')",,
"('격퇴', 'Noun')",,
"('겁쟁이', 'Noun')",,
"('해충', 'Noun')",,
"('핑', 'Noun')",,
"('전리품', 'Noun')",,
"('음수', 'Noun')",,
"('으', 'Adverb')","('깬', 'Verb')",
"('소란', 'Noun')",,
"('비뚤어진', 'Verb')",,
"('불행', 'Noun')",,
"('변명', 'Noun')",,
"('먹다', 'Verb')",,
"('균열', 'Noun')",,
"('괴롭힘', 'Noun')",,
"('퇴폐', 'Noun')","('적', 'Suffix')","('인', 'Josa')"
"('찌르기', 'Verb')",,
"('위선', 'Noun')",,
"('살인자', 'Noun')",,
"('불공평한', 'Adjective')",,
"('미안하다', 'Adjective')",,
"('긴장', 'Noun')","('된', 'Verb')",
"('간과', 'Noun')",,
"('가장자리', 'Noun')","('의', 'Josa')",
"('혼동', 'Noun')",,
"('반감', 'Noun')",,
"('망', 'Noun')","('가', 'Josa')",
"('도당', 'Noun')",,
"('기만', 'Noun')",,
"('곤란', 'Noun')",,
"('고생', 'Noun')",,
"('헤게모니', 'Noun')",,
"('헛소리', 'Noun')",,
"('지저분한', 'Adjective')",,
"('절망', 'Noun')",,
"('스페', 'Noun')","('이드', 'Noun')",
"('반대', 'Noun')","('자', 'Suffix')",
"('독재자', 'Noun')","('의', 'Josa')",
"('독사', 'Noun')",,
"('도망자', 'Noun')",,
"('느와르', 'Noun')",,
"('꾸며', 'Verb')","('낸', 'Verb')",
"('기형', 'Noun')","('의', 'Josa')",
"('게으른', 'Adjective')",,
"('혼수', 'Noun')",,
"('유', 'Noun')","('휴', 'Exclamation')",
"('스튜', 'Noun')",,
"('산산조각', 'Noun')",,
"('바이어스', 'Noun')",,
"('뜻', 'Noun')","('밖에', 'Josa')",
"('뒤집힌', 'Noun')",,
"('도전', 'Noun')","('적', 'Suffix')","('인', 'Josa')"
"('굽기', 'Verb')",,
"('감상', 'Noun')","('적', 'Suffix')","('인', 'Josa')"
"('하등', 'Noun')","('의', 'Josa')",
"('오용', 'Noun')",,
"('아프다', 'Adjective')",,
"('소나기', 'Noun')",,
"('비명', 'Noun')",,
"('불연속', 'Noun')",,
"('부기', 'Noun')",,
"('변칙', 'Noun')",,
"('버릇', 'Noun')",,
"('피켓', 'Noun')",,
"('침략', 'Noun')","('자', 'Suffix')",
"('착각', 'Noun')",,
"('얼룩', 'Noun')",,
"('양보', 'Noun')",,
"('수피', 'Noun')",,
"('사별', 'Noun')",,
"('불법', 'Noun')","('의', 'Josa')",
"('미워하는', 'Adjective')",,
"('기우는', 'Verb')",,
"('고집', 'Noun')",,
"('간섭', 'Noun')","('의', 'Josa')",
"('흐릿', 'Noun')","('한', 'Josa')",
"('편파', 'Noun')",,
"('탐욕', 'Noun')","('스러운', 'Josa')",
"('자만', 'Noun')",,
"('인플레이션', 'Noun')","('의', 'Josa')",
"('신경질', 'Noun')","('적', 'Suffix')","('인', 'Josa')"
"('비관', 'Noun')","('적', 'Suffix')","('인', 'Josa')"
"('불결한', 'Adjective')",,
"('무정부주의자', 'Noun')",,
"('말뚝', 'Noun')","('을', 'Josa')",
"('똥', 'Noun')",,
"('딜레마', 'Noun')",,
"('대변', 'Noun')",,
"('기형', 'Noun')",,
"('굴욕', 'Noun')",,
"('고약한', 'Adjective')",,
"('고뇌', 'Noun')",,
